Smiles,is_active
Cc1ccc(cc1)c2nnc3n2nc(s3)c4c(nns4)C,0
Cn1c2c(c(=O)n(c1=O)Cc3ccc(cc3)Cl)n(cn2)CC=C,0
C[C@@H]1CCc2c(sc3c2c(ncn3)Sc4nnnn4C)C1,0
c1cc2c(cc1OS(=O)(=O)c3ccc(s3)Cl)non2,0
COc1ccc(cc1)n2c(nnn2)C3(CCCCC3)N4CCCC4,0
Cc1c2cc3c(cc2oc(=O)c1CC(=O)[O-])occ3c4ccc(cc4)Cl,0
Cc1ccc(cc1C)C2=C(C(=NS2(=O)=O)[N-]c3cccc(c3)C(=O)C)C,0
CCOc1ccc(cc1)[N-]C2=NS(=O)(=O)C(=C2C)c3ccc(cc3)Cl,0
CN(Cc1nc2c3ccccc3oc2c(n1)[O-])[C@H]4CCCc5c4cccc5,0
Cc1cccc2c1nc(s2)/N=C(/c3cccc(c3)OC[C@H]4CCCO4)\[O-],0
c1ccc2c(c1)CCN2C(=O)N[C@H]3CC(=O)N(C3)c4ccc(cc4)F,0
CC1(Cc2c(cnc(n2)NC(=O)c3ccc(cc3)F)C(=O)C1)C,0
c1cc(cnc1)[C@H]2c3cccn3CCN2C(=O)Nc4ccc(cc4)F,0
CC1CCN(CC1)c2nc3c(s2)c(=O)n(c(=S)[nH]3)C(C)C,0
c1c/c(=[NH+]\S(=O)(=O)c2ccc(nc2)Cl)/c-3ccc[n-]c3c1,0
c1cc(cc(c1)S(=O)(=O)NCc2ccco2)[N-]S(=O)(=O)c3ccc4c(c3)CCCC4,0
COc1cccc2c1O[C@H](N3[C@@H]2CC(=N3)c4cc(ccc4[O-])Cl)c5ccc(c(c5)OC)O,0
COc1cc(cc(c1[O-])Br)[C@H]2C3=C(CCCC3=O)Nc4n2nc(n4)SC5CCCCC5,0
CC(C)CN1C2=NC(=NC(C2=C(NC1=O)[O-])(C(F)(F)F)C(F)(F)F)c3cccc(c3)OC,0
Cc1ccccc1c2cc(c3ccccc3n2)C(=O)N/N=C(/C)\c4cccc(c4)[N-]S(=O)(=O)C,0
Cc1ccccc1OCCOc2cccc(c2)/C=N/n3cnnc3,0
COc1cc(cc(c1OC)OC)/C=C/C(=O)O[C@H]2CCCCC2=O,0
Cc1cc(c(n1c2cc(on2)C)C)C(=O)COC(=O)[C@H]3C[C@H]3C,0
C=CCn1c(nnc1SCc2ncon2)c3ccc(cc3)Cl,0
CCCCc1nn2c(=O)cc(nc2s1)COC(=O)C(C)C,0
Cc1ccc2c(c1)cc(c(=O)[nH]2)CN(Cc3ccccc3)S(=O)(=O)c4ccccc4[N+](=O)[O-],0
CCOC(=O)c1c2c(sc1NC(=O)c3c(cnc(n3)S(=O)(=O)CC)Cl)CCCC2,0
CCOc1ccc(cc1)N2[C@H]3CS(=O)(=O)C[C@H]3N(C2=O)CC(=O)NCc4ccc(cc4)C,0
CN(C)C(=O)c1ccc(cc1)NC(=O)COC(=O)/C=C/c2cc3c(c(c2)Cl)OCCCO3,0
Cc1c(c(n(n1)C)C)NC(=O)[C@H](C)Sc2ccc(cn2)S(=O)(=O)N(C)C3CCCCC3,0
CC(C)CCNc1nc2c(n1C[C@@H](COC(C)C)O)c(=O)[nH]c(=O)n2C,0
CCCCNc1nc2c(n1C[C@@H](COC(C)C)O)c(=O)[nH]c(=O)n2C,0
C[C@H](CSc1nc2c(n1C[C@H](COc3ccccc3)O)c(=O)[nH]c(=O)n2C)O,0
COc1cccc(c1)c2c(cn(n2)c3ccc(cc3)F)C(=O)OCC(=O)NC(=O)N,0
CCOC(=O)Nc1ccc2c(cc(=O)oc2c1)COC(=O)c3c(nccn3)N,0
COc1cccc(c1)COc2ccc(cc2)C(=O)N/N=C/c3ccc4c(c3)OCO4,0
CC(C)CNC(=O)c1cc2ccc(cc2oc1=O)OC(=O)c3cccc(c3)OC,0
COc1cc(cc2c1nc(s2)NC(=O)CCSc3ccc(cc3)F)[N+](=O)[O-],0
CN(C)c1ccc(cc1)/C=N/Nc2cc(nc(n2)N3CCCCC3)N4CCCCC4,0
CCN(CC)C(=O)/C(=C\c1ccc2c(c1)OCO2)/NC(=O)c3ccccc3OC,0
COc1cc(ccc1OCc2ccccc2)/C=C\3/[C@@H](C4CC[NH+]3CC4)O,0
CC(C)[NH+](Cc1c(=O)ccc-2c(c(coc12)c3ccccc3)O)C(C)C,0
CN(C)c1ncc(s1)C[NH+]2CCC[C@H](C2)Nc3ccc(c(c3)F)F,0
Cn1cc(c(n1)c2ccccc2)C[NH+]3CCC[C@H](C3)Nc4ccc(cc4)F,0
COc1cccc(c1)C(=O)[C@H]2CCC[NH+](C2)Cc3ccc(c(c3)Cl)O,0
CCOc1nn(c(=O)o1)c2c(cc(cn2)C(F)(F)F)Cl,0
c1ccn2c(c1)nnc2[C@@H]3CCCN(C3)c4c5c(ccs5)ncn4,0
Cc1nccn1c2c3cnn(c3ncn2)Cc4ccccc4Cl,0
CC(C)Cc1nnc2n1nc(s2)[C@@H]3COc4ccccc4O3,0
Cc1cc(n2c(n1)ncn2)Sc3ccc4c(c3)OCCCO4,0
CCCc1cc(nc(n1)Sc2ccc(cn2)C(=[NH2+])N)[O-],0
CC(C)(CO)Nc1ccc(cc1N)S(=O)(=O)N(C)C,0
C[C@H](CO)Nc1ccc(cc1N)S(=O)(=O)N(C)C,0
C[C@@H](c1ccncc1)Nc2ccc(cc2N)S(=O)(=O)NC,0
Cc1ccc(c(c1C)S(=O)(=O)N(CC(=O)N)C(C)C)N,0
CC(C)[C@@H]1CC[C@]([C@@H]([C@@H]1C#N)CCC(=O)C)(C)OC(=O)C,0
c1ccc(cc1)/C=C/C=C/c2nnn(n2)c3ccc(cc3)Cl,0
CCN(C)c1ccc(cc1)/N=N/c2ccc(cc2)C(=O)C,0
CCCCCN1c2ccc(cc2C3(C1=O)OCCCO3)Cl,0
CC(C)CCSc1nnc2n1CCN2c3ccccc3,0
Cn1ccc(n1)[N-]S(=O)(=O)c2ccccc2[N+](=O)[O-],0
c1cc(c(cc1n2cnnn2)n3cc(cn3)Br)C(=O)[O-],0
c1cc(ccc1/C(=N/c2nnc(o2)c3ccno3)/[O-])[N+](=O)[O-],0
c1cc(cc(c1)[N+](=O)[O-])/C(=N/c2nnc(o2)c3ccno3)/[O-],0
Cc1c(c(on1)C)S(=O)(=O)[N-]c2cc3cnn(c3nc2)C(C)C,0
Cc1nc(cc(n1)N2CCC3(CC2)OCCO3)c4cc(cnc4)c5ccc(cc5)F,0
COCC(=O)N1c2ncnn2[C@@H](C[C@H]1c3ccc(cc3)Cl)c4ccc(cc4)F,0
CCC(=O)N1c2ncnn2[C@H](C[C@H]1c3ccc(cc3)OC)c4ccccc4Cl,0
c1cc(ccc1c2c3c(c(ncn3)N4CCN(CC4)C(=O)C5CC5)sn2)Cl,0
Cc1nnc(s1)N2[C@@H](c3c(=O)c4cc(ccc4oc3C2=O)Cl)c5ccccc5,0
Cc1cc(c(c(c1)C)S(=O)(=O)[N-]c2cc3c(cc2C(=O)[O-])OCCCO3)C,0
Cc1ccc(cc1C(=O)[O-])S(=O)(=O)[N-]c2ccc(cc2)c3nnc4n3CCCCC4,0
c1cc(ccc1/C=C/C(=O)c2ccc(cc2)S(=O)(=O)[N-]c3ccc(cc3)C(=O)[O-])F,0
CCCCOc1ccc2ccccc2c1/C=C/c3nc(c(c(n3)[O-])[N+](=O)[O-])[O-],0
c1cc(c(c(c1)Cl)Cl)c2ccc(o2)/C=C\c3nc(c(c(n3)[O-])[N+](=O)[O-])[O-],0
Cc1ccc(cc1)n2cnc3c2ccc(c3)NCc4ccccc4OC,0
C/C(=C\c1ccco1)/C=C(\C#N)/C(=O)Nc2cccc(c2)C(F)(F)F,0
Cc1ccc(cc1)OCC(=O)N/N=C/c2ccc(cc2)Br,0
Cc1c(sc(n1)c2ccc(cc2)OC(F)(F)F)C(=O)NC(C)C,0
C[C@@H](C(=O)Nc1ccc(cc1)Br)Oc2ccc(cc2)C=O,0
CC(C)(C)c1ccc2c(c1)O[C@@H](CO2)C(=O)NN=Cc3cccc(c3)Cl,0
c1ccc(c(c1)OCCN2C(=O)C3(CCCCCCC3)NC2=O)Cl,0
C/C(=N/NC(=O)[C@H]1COc2cc3ccccc3cc2O1)/C=C/c4ccccc4,0
Cc1c(c(n2c(n1)c(cn2)C(=O)N[C@@H]3CCCC[C@@H]3C)C)Cc4ccccc4,0
Cc1ccc(c(c1)C)Nc2c(nc3n2cccn3)c4ccc(cc4)N(C)C,0
Cn1c2ccc(cc2nc1CO)/N=C/c3cccc(c3O)CC=C,0
CCOC(=O)c1c(c([nH]c1C)C(=O)Nc2ccc(cc2F)F)C,0
Cc1cc(nn1C[C@@H](C)C(=O)Nc2ccc(cc2)O)C(F)(F)F,0
C[C@H](C(=O)NNc1cccc(c1)Cl)Oc2ccccc2C#N,0
Cc1ccc(cc1S(=O)(=O)NC)N[C@@H]2CCCC[C@@H]2OC,0
c1ccnc(c1)c2nc3c(c(n2)[O-])CN(CC3)Cc4cccc5c4nccn5,0
c1cc2n(c(=O)c1)C[C@@H]3C[C@H]2CN(C3)Cc4cc(ccc4[O-])[N+](=O)[O-],0
c1cc(cc(c1)[N-]S(=O)(=O)c2ccc(cc2)C#N)c3nnc4n3CCC4,0
Cc1c(c2c(cn1)CN(CC2)CC3CC3)c4nc(on4)c5c(cccn5)[O-],0
Cc1cc(c2c(c1)sc(n2)/N=C(/c3cccnc3n4cncn4)\[O-])C,0
Cc1ccc(cc1)Cn2c(c(c(n2)C)NC(=O)COCc3cc(on3)c4ccco4)C,0
CC(C)c1cc(c2cnn(c2n1)C(C)C)C(=O)OCC(=O)Nc3ccc(cc3)CC#N,0
CCOc1ccc(cc1)C(=O)Nc2c(c3c(s2)CN(CC3)C(=O)OCC)C(=O)OC,0
CCOc1ccc(c(c1)NC(=O)CCc2c(nc3c4cccnc4nn3c2C)C)OCC,0
c1cc(oc1)c2ccc(nn2)OCCNS(=O)(=O)c3ccc(cc3)OC(F)(F)F,0
Cc1cc2c(c(c1)c3ccccn3)O[C@H](C2)CNC(=O)C4(CC4)C,0
CN(Cc1cccs1)Cc2[nH]c(=O)c3ccc(cc3n2)Cl,0
CC(C)C[C@@H]1CN2CCc3cc(c(cc3[C@H]2C[C@H]1O)OC)OC,0
Cc1c(sc(n1)Cl)S(=O)(=O)N[C@H](C)c2cccs2,0
CS(=O)(=O)Nc1ccc(cc1)C(=O)c2cc3c(s2)CCC3,0
C[C@@H]1C=C2C([C@H]([C@H](C(=N2)C)C(=O)OCCOC)c3ccc(cc3)O)C(=O)[C@@H]1C(=O)OC,0
CN(c1ccccc1)C(=O)COC(=O)c2ccc(cc2)S(=O)(=O)NCc3ccco3,0
CCOc1ccc(cc1OCC)N2C[C@H](OC2=O)CNS(=O)(=O)c3ccc(cc3)F,0
CC[C@H](C(=O)OC)Sc1nnc(s1)NC(=O)[C@@H]2CC(=O)N(C2)c3ccc(cc3)C,0
COc1cc(cc(c1OC)OC)/C=C/C(=O)NC[C@H]2CN(C(=O)O2)c3ccc(cc3)F,0
c1ccc(cc1)C(=O)Nc2nnc(s2)/C(=C/c3ccc(cc3)F)/C#N,0
Cc1c(c(=O)n(n1C)c2ccccc2)NC(=O)/C(=C/c3ccccc3)/C,0
Cc1ccc(c(c1)C(=O)c2cnn(c2)c3ccc(cn3)C(F)(F)F)O,0
COc1ccc(cc1)c2n[nH]c(=S)n2/N=C/c3ccccc3Cl,0
CC(C)n1c2c(cc(cn2)NC(=O)/C=C/c3ccc(s3)Cl)cn1,0
COc1ccc(cc1)Cc2cnc(s2)/N=C(/c3ccc4c(c3)nc(o4)[O-])\[O-],0
CCCn1c2ccccc2c(=O)c(c1[O-])/C(=N/c3nc4ccc(cc4s3)Cl)/[O-],0
COc1cc(cc(c1[O-])Br)/C=N/n2c(nnc2[S-])C(F)(F)F,0
Cc1ccc(c(c1)C)[N-]S(=O)(=O)c2ccc(s2)c3ccc(nn3)[O-],0
CCc1ccccc1[N-]S(=O)(=O)c2ccc(s2)c3ccc(nn3)[O-],0
Cc1cn2c3c(nc2n1CCO)n(c(=O)n(c3=O)C)C,0
c1cc(ccc1n2c(=S)n(nn2)[C@H]3CC(=O)[C@H]4OC[C@@H]3O4)O,0
Cc1c(cn(n1)C)/C=N\Nc2c3cnn(c3ncn2)C,0
Cc1c(c(on1)C)S(=O)(=O)Nc2ccc3c(c2)oc(=O)n3C,0
Cn1c2c(ccc(n2)C(=O)NC3=NCCS3)c(=O)n(c1=O)C,0
C=CCOC(=O)/C(=C/c1cccc(c1)[N+](=O)[O-])/NC(=O)c2ccc(o2)Br,0
CCOc1ccccc1C(=O)NC[C@@H]2CN(C(=O)O2)c3ccc(c(c3)OCC)OCC,0
CC[C@@H](C(=O)Nc1ccc(cc1)C(=O)OCC)Sc2c3cc4c(n3c(nn2)C)cco4,0
CCOC(=O)c1c(c([nH]c1C)C(=O)[C@@H](C)OC(=O)c2cc(c(c(c2)Cl)OC)OC)C,0
CCCCOc1ccc(cc1)C(=O)NCCn2c3c(cn2)c(=O)n(cn3)Cc4ccccc4,0
c1cc(sc1)[C@H]2CC(=CC(=O)[C@@H]2n3cnc(n3)[N+](=O)[O-])c4cccs4,0
Cc1c(c(n(n1)C)Cl)S(=O)(=O)Oc2cc(nn2C)C(F)(F)F,0
C[C@@H]1C[C@H](CN(C1)C(=O)CCCc2nnc3n2c4ccsc4c(=O)n3C)C,0
c1cc(ccc1C(=O)N2CCCC[C@@H](C2=O)Sc3nnnn3C4CC4)Cl,0
CCCCn1c(=O)c2c(nc(n2[C@@H](C)C(=O)C)Br)n(c1=O)C,0
CCN(CC)C(=O)CSc1nnc2n1c3cc4c(cc3cc2C)OCCO4,0
Cc1ccc(cc1)[C@@H]2C[C@@H](N(c3n2ncn3)C(=O)COC)c4ccc(cc4)OC,0
CCOC(=O)C1=C(N=C2N([C@@H]1c3cccc(c3OC)OC)C(=O)CS2)C,0
c1ccnc(c1)[C@H]2CCCN2C(=O)c3cc(on3)COc4cc(cnc4)Cl,0
c1csc(n1)[C@@H]2CCCCN2C(=O)c3cc(on3)COc4cc(cnc4)Cl,0
c1cc(cc(c1)OCC(=O)[O-])[N-]S(=O)(=O)c2ccc(cc2)Br,0
Cc1ccc(cc1C(=O)[O-])S(=O)(=O)[N-]c2ccc3c(c2)sc(n3)C,0
Cc1cc(nc(n1)[N-]S(=O)(=O)c2ccc(cc2)/N=C/c3ccc(cc3)[O-])C,0
COc1cc(cc(c1[O-])Br)/C=N/n2c(nnc2[S-])c3ccncc3,0
Cc1c(c(n(n1)c2ccccc2)[O-])[C@H]([C@@H-][N+](=O)[O-])c3ccc(cc3Cl)Cl,0
Cc1c(sc(n1)NC(=O)[C@H](C)Sc2nnc(n2C)[C@H](C)NC(=O)c3ccc(cc3)Cl)C,0
CCOc1ccc(cc1OC)[C@@H]2C=C(N=C(C2C#N)SCC(=O)Nc3nccs3)O,0
CC1(CC2=C([C@H]([C@@H](C(=N2)SCC(=O)N)C#N)c3cc(c(c(c3)OC)OC)OC)C(=O)C1)C,0
CN(C)S(=O)(=O)c1ccc(cc1)C(=O)NCC(=O)N/N=C/c2c(cccc2Cl)Cl,0
CC(=O)Nc1ccc(cc1)S(=O)(=O)N(Cc2ccco2)CC(=O)Nc3ccc4c(c3)CCC4,0
Cc1nnc(s1)SCc2[nH]c(=O)c3cc(c(cc3n2)OC)OC,0
c1ccc(c(c1)F)S(=O)(=O)NCc2nnnn2c3ccc(cc3)F,0
C[C@@]12CCC(=O)N1[C@@H](CS2)C(=O)Nc3cc(c(c(c3)OC)OC)OC,0
CCOc1cc(ccc1O)CN2CCc3nnc(n3CC2)[C@@H]4CCCO4,0
COc1ccc(c(c1)OC)CN2CCC[C@H](C2)c3nnc4n3CCNCC4,0
COc1cc(cc(c1)OC)NC(=O)N2CCN3[C@@H](C2)C(=O)N[C@H](C3=O)CC4CCCCC4,0
Cc1ccc(cc1)n2c3c(c(n2)C)[C@@H](C(=C(O3)N)C#N)c4ccc(c(c4)[N+](=O)[O-])OC,0
COc1ccc(cc1OC)[C@H]2C(=C(N(C3=C2C(=O)CCC3)c4cccc(c4)[N+](=O)[O-])N)C#N,0
Cc1ccc(cc1Cl)n2c(=O)c3cn[nH]c3nc2SCC(=O)Nc4cc(on4)C,0
CCOc1cc(ccc1O)[C@H]2C3=C(C[C@@H](CC3=O)c4ccc(cc4)OC)Nc5n2nnn5,0
CCOC(=O)c1c(c(sc1NC(=O)c2cc(cc(c2)OC)OC)C(=O)OCC)C,0
COc1cc(cc(c1OCC=C)Br)/C=N/Nc2ccc(cn2)[N+](=O)[O-],0
CCC1(C(=O)N(C(=O)N1)CC(=O)OCC(=O)/C=C/2\C(c3ccccc3N2C)(C)C)CC,0
CCCOC(=O)[C@H](C)n1cnc2c(c1=O)c(c(s2)C(=O)Nc3ccccc3OC)C,0
CCS(=O)(=O)Oc1cc(ccc1OC)CN(Cc2ccco2)C(=O)NC(C)(C)C,0
c1cc[nH+]c(c1)NC(=O)c2cc3cc(ccc3oc2=O)Br,0
c1ccc(cc1)C[NH+]2CCN(CC2)/N=C/3\c4ccccc4NC3=O,0
Cc1c(sc(n1)NC(=O)[C@@H]2C[C@@H]2C)c3[nH+]ccn3C(F)F,0
CN1[C@H](c2c([nH]nc2C1=O)c3ccc(cc3)Cl)c4ccc[nH+]c4,0
Cc1cc(no1)[C@@H]2CCC[NH+]2Cc3c[nH]nc3c4cccs4,0
CCOC(=O)c1c(c([nH]c1CN2C(=O)c3ccccc3S2(=O)=O)C(=O)OCC)C,0
C[C@@]1(CC(=O)[C@@H]([C@H]([C@@H]1C(=O)OC)c2cc(c(c(c2)OC)OC)OC)C(=O)OC)O,0
CCN(CC)S(=O)(=O)NC[C@@H]1CN(C(=O)O1)c2ccc(c(c2)OCC)OCC,0
COc1cccc(c1)N2C[C@H](CC2=O)C(=O)Nc3nnc(s3)SCC(=O)OC,0
C[C@@H](C(=O)OC)Sc1nnc(s1)NC(=O)[C@H]2CC(=O)N(C2)c3ccc(cc3)OC,0
Cc1c(cco1)c2nnc3n2nc(s3)c4ccncc4,0
CCc1nnc2n1nc(s2)Cc3c4ccccc4on3,0
c1ccc(c(c1)Cn2cc(c(n2)n3cnnn3)Br)F,0
c1ccc2c(c1)c3nc(nn3cn2)CCn4cc(cn4)Cl,0
COc1ccc(cc1)n2c(nnn2)S[C@@H]3CCCCC3=O,0
CCC1=NN([C@@](C1)(C(F)(F)F)O)C(=O)c2ccc(cc2)OC,0
COc1cccc(c1O)[C@@H](C#N)N2CCC(=N2)c3ccccc3,0
Cc1c(sc2c1c(=O)[nH]c(n2)[C@H](C)OC(=O)[C@@H]3C[C@@H]3C)C,0
Cc1c(sc(n1)NC(=O)[C@H]2C[C@@H]2C)c3nccn3C(F)F,0
Cc1c(c(c([nH+]c1C)SCc2cc(c(o2)C)C(=O)[O-])C#N)C,0
COc1cc(ccc1OCCO)[C@@H]2C3C(=NC(=C)C2C(=O)OC[C@H]4CCCO4)CCCC3=O,0
CCCOC[C@H]1C[C@@]2(C[C@@](OC2=O)(C)c3csc(n3)Nc4ccccc4OC)C(=O)O1,0
CC(=O)c1ccc(c(c1)CSc2ncccn2)OCC(=O)NCc3ccc4c(c3)OCO4,0
CCOC(=O)c1c(c([nH]c1C)C(=O)CSc2c3cnn(c3nc(n2)C)c4ccccc4)C,0
COc1cc(ccc1OCCO)[C@H]2C3C(=NC(=C)C2C(=O)OC[C@@H]4CCCO4)CCCC3=O,0
Cc1ccc(s1)S(=O)(=O)[N-]c2cccc(c2)c3cn4c(n3)ccc(n4)OC,0
COc1ccccc1c2nnc3n2N=C([C@@H](S3)CC(=O)[O-])c4cccs4,0
Cc1ccc(s1)c2cc(nc(n2)OCn3ccc(n3)C(=O)[O-])C(F)(F)F,0
CCc1cc(no1)/C(=N/c2nnc(s2)[C@H](C)Oc3cccc(c3C)C)/[O-],0
COCc1c(c2nc(cc(n2n1)[O-])c3cccnc3OC)c4ccc(cc4)Cl,0
Cc1c(cc(cc1Cl)S(=O)(=O)[N-]c2ncccn2)N,0
Cc1ccc(cc1N)[N-]S(=O)(=O)N2C[C@@H](O[C@@H](C2)C)C,0
Cc1ccc(cc1[N-]S(=O)(=O)N2C[C@@H](O[C@H](C2)C)C)N,0
c1cc2c(c(c1)S(=O)(=O)[N-]c3cc(ccc3F)N)nsn2,0
CCc1ccc(cc1S(=O)(=O)[N-]c2cc(no2)C)N,0
c1c(cc(c(c1Cl)O)Cl)/C=N/Nc2[nH]nnn2,0
COCc1c2c([nH]n1)OC(=C([C@H]2c3ccco3)C#N)N,0
c1cc(c(cc1Cl)N)c2nc(no2)c3nc[nH]n3,0
c1cc(oc1)[C@@H]2CC(=CC(=O)C2)Nc3c(non3)N,0
c1ccnc(c1)c2nc(on2)c3cn[nH]c3N,0
Cc1c(sc(n1)/N=C(/c2ccc(c(c2)F)F)\[O-])C(=O)N(C)C,0
c1cc(c(cc1F)F)[N-]S(=O)(=O)c2cnc(nc2)Cl,0
Cn1cc(c(n1)c2nnc(n2C3CC3)[S-])Br,0
c1cc(c(cc1Br)F)/C(=N/c2nnc(o2)C3CC3)/[O-],0
Cn1c(nc2c(c1=O)c(cc(c2[O-])Cl)Cl)CN(C)C,0
COc1ccc(cc1OC)S(=O)(=O)N/N=C/c2cc(cc(c2[O-])I)[N+](=O)[O-],0
CCn1cc(c(=O)c2c1nc(nc2)N3CCN(CC3)C(=S)N[C@H]4C[C@H]5CC[C@@H]4C5)C(=O)[O-],0
Cc1ccc(cc1)S(=O)(=O)NCCc2nnc(s2)[N-]S(=O)(=O)c3ccc(cc3)[N+](=O)[O-],0
c1cc([nH]c1)C(=O)COC(=O)c2ccc(cc2)[N-]S(=O)(=O)c3ccc4c(c3)OCCCO4,0
Cc1cc(nc(n1)NS(=O)(=O)c2ccc(cc2)[N-]S(=O)(=O)c3ccc4c(c3)CC(=O)N4C)C,0
COC(CNc1ncc(cn1)c2cc3ccccc3s2)OC,0
CCOc1ccc(cc1)C(=O)N/N=C(\C)/c2ccc(cc2)OC,0
CCc1cc(nc(n1)c2cccc(c2)C[NH+](C)Cc3ccco3)[O-],0
Cc1ccc(cc1C)C(=O)[C@H](C)OC(=O)c2cc([nH]n2)C3CC3,0
Cc1cc(c(c(c1)C)OCc2nc(c(o2)NCC=C)C#N)C,0
C1=CO[C@@H]([C@H]2[C@@H]1[C@@H](C=C2CO)O)O[C@@H]3[C@@H]([C@@H]([C@@H]([C@@H](O3)CO)O)O)O,0
C=C[C@H]1[C@@H](OC=C2C1=CCOC2=O)O[C@H]3[C@@H]([C@H]([C@H]([C@H](O3)CO)O)O)O,0
C([C@@H]1[C@H]([C@@H]([C@@H](O1)N2C3=NC(=NC(=O)[C@@H]3N=C2Br)N)O)O)O,0
C[C@]1([C@@]([C@@]([C@](O1)(C)n2cc(c(=O)[nH]c2=O)Br)(C)O)(C)O)CO,0
COc1cc2ccc(=O)oc2c(c1O[C@@H]3[C@H]([C@@H]([C@@H]([C@@H](O3)CO)O)O)O)OC,0
c1ccc(cc1)NC(=O)N(Cc2ccc(cc2)Br)c3nnc4n3CCCCC4,0
CCC(=O)N1c2ccccc2NC3=C([C@H]1c4cccc(c4OC)OC)C(=O)CC(C3)(C)C,0
c1cc(cc(c1)N2CCN(CC2)S(=O)(=O)c3ccc4c5c3cccc5C(=O)N4)C(F)(F)F,0
Cc1cc(c(n1c2ccc(c(c2)Cl)F)C)C(=O)CN3C(=O)[C@]4(CCCC[C@H]4C)NC3=O,0
CC(=O)N1[C@H](CC(=N1)c2cn(nc2c3ccccc3)c4ccccc4)c5ccccc5O,0
Cc1c(c(n2c(n1)ncn2)[O-])[N-]S(=O)(=O)c3ccc(cc3)C4CCCCC4,0
Cc1cccc(c1)[N-]S(=O)(=O)c2ccc(c(c2)/C(=N/c3nncs3)/[O-])C,0
CCCCc1nnc(s1)/N=C(/Cn2c(nnc2[S-])c3ccc(cc3)Cl)\[O-],0
Cc1c(sc(n1)/N=C(/COc2ccc(cc2)F)\[O-])c3nnc(n3CC=C)[S-],0
C=CCn1c(nnc1[S-])Cc2csc(n2)/N=C(/c3ccc4c(c3)CCC4)\[O-],0
c1ccc(cc1)n2c(nnn2)Sc3c(c(=O)n4ccccc4n3)C=O,0
COc1cc(cc(c1OC)OC)c2nn3c(nnc3s2)c4ccncc4,0
c1ccc(cc1)C2=CC(=O)[C@H]([C@H](C2)c3cccs3)n4nc(nn4)[N+](=O)[O-],0
C[C@H](C(=O)OC)Sc1nnc2n1cnc3c2cnn3c4ccc(cc4)F,0
CCN(C1CCCCC1)C(=O)Cn2c3c(nc2Cl)n(c(=O)n(c3=O)C)C,0
Cc1c2cc3c4c(oc3c(c2oc(=O)c1CCC(=O)[O-])C)CCCC4,0
Cc1nc2cc(ccc2o1)[N-]S(=O)(=O)c3ccc(s3)Br,0
Cc1ccc(cc1)S(=O)(=O)[N-]c2ccccc2/C=N/c3ccccc3C#N,0
CN(CC12CC3CC(C1)CC(C3)C2)S(=O)(=O)c4ccsc4C(=O)[O-],0
CSc1nc2ccc(cc2s1)[N-]S(=O)(=O)c3ccc(cc3)C#N,0
Cc1ccc(s1)S(=O)(=O)[N-]c2ccc3c(c2)CC(=O)N3C,0
COc1cccc(c1)n2c(nnc2[S-])CN3CCSCC3,0
CSc1c(c(cc(n1)C2CC2)/C(=N/c3cccnc3)/[O-])C#N,0
Cc1nnc(s1)/N=C(/Cn2ccc3c2cccc3Cl)\[O-],0
CN(Cc1ccc(o1)Br)C(=O)[C@@H]2C[C@H]2C(=O)[O-],0
c1ccc2cc(ccc2c1)S(=O)(=O)N[C@H]3CO[C@H]4[C@@H]3OC[C@@H]4Nc5nccc(n5)c6ccco6,0
CCOC(=O)NC(=O)c1c2c(sc1NC(=O)c3ccc(cc3)SC)CN(CC2)C(=O)OC,0
C[C@H](C(=O)Nc1ccc(cc1)NC(=O)C)Sc2nnc3n2c4ccccc4c(=O)n3CC=C,0
Cc1cc(c2ccccc2n1)C(=O)OCC(=O)c3c(n(c(=O)n(c3=O)C)Cc4ccccc4)N,0
C[C@@]1(C(=O)N(C(=O)N1)NC(=O)C2CCN(CC2)C(=O)c3ccc(cc3)Cl)c4cccc(c4)OC,0
Cc1ccc2c(c1)nc([nH]2)/C(=C\c3cccn3c4cccc(c4)C(=O)[O-])/C#N,0
C[C@H]1CCC/C(=N/NC(=O)c2ccc(cc2)[N-]S(=O)(=O)c3cccs3)/C1,0
CC1=C([C@@H](C2=C(N1)CCCC2=O)c3cc(c(c(c3)Cl)[O-])OC)C(=O)OC(C)C,0
Cc1ccc(cc1C)NS(=O)(=O)c2ccc(s2)c3ccc(nn3)[O-],0
Cc1ccc(cc1C)NS(=O)(=O)c2cc(cc(c2C)C)c3ccc(nn3)[O-],0
C[NH+]1CCN(CC1)n2c3c(c(nc2=O)SCc4ccccn4)CCCC3,0
c1cc(c2c(c1)sc(n2)N(Cc3ccc[nH+]c3)C(=O)C4=COCCO4)F,0
CN1CCCc2c1ccc(c2)C[NH+]3CCC4(CC3)[C@@H](CC(=O)N4C)C(=O)OC,0
C[C@H](C(=O)N1CCC[C@@H](C1)c2ncc3c(n2)CC[NH+](C3)C)Oc4ccc(cc4)F,0
C[C@H](C(=O)N1CCC[C@@H]1c2ncc3c(n2)CC[NH+](C3)C)Oc4ccc(cc4)F,0
Cc1c(c(on1)C)S(=O)(=O)[N-]c2ccccc2Br,0
CN1c2ccc(cc2CCC1=O)[N-]S(=O)(=O)C3CCCCC3,0
Cn1ccc(n1)[N-]S(=O)(=O)c2cc(cc(c2)Cl)Cl,0
c1ccc(cc1)CN2CCc3c(c(n4c(n3)cc(n4)C5CC5)[O-])C2,0
c1cc(ccc1c2cnc3c(n2)ncnc3[O-])Br,0
CCOC(=O)c1c(c(c(s1)NC(=O)c2cnccn2)C(=O)OC)C,0
CC[C@@H](C(=O)OCC)Sc1nc2c(n1C(C)C)c(=O)[nH]c(=O)n2C,0
CCCCCOC(=O)Cn1c2c(=O)[nH]c(=O)n(c2nc1Br)C,0
COc1ccc(cc1n2cnnn2)S(=O)(=O)NC[C@@H]3C[C@H]4CC[C@@H]3C4,0
Cc1c(sc(n1)C)C(=O)OCc2[nH]c(=O)c3ccc(cc3n2)C(=O)OC,0
[H]/N=C/1\NN=C([C@H](S1)CC)c2ccc(cc2)Br,0
c1cc2c(cc1N)CN(C2)Cc3cc(ccc3Br)F,0
c1cc(cc(c1)I)N[C@H]2COC[C@@H]2O,0
c1ccc(c(c1)CN2CCSc3c2cc(cc3)N)Br,0
CC1(Cc2c(ccn2Cc3cccc(c3)Br)[C@H](C1)N)C,0
Cc1c(c2cc(ccc2o1)[N-]S(=O)(=O)c3cc4cccc5c4c(c3)C(=O)NC5=O)C(=O)C,0
Cc1cc(cc(c1C)S(=O)(=O)NCCc2nnc3n2CCCCC3)C(=O)[O-],0
CCc1nnc(s1)/N=C(/CSc2nc3c(c4cc(cc(c4[nH]3)C)C)nn2)\[O-],0
COc1cc(ccc1[O-])[C@@H]2C3=C(CCCC3=O)Nc4n2nc(n4)SCc5cccnc5,0
CC[C@@]1(C(=O)N(C(=O)N1)/N=C(/c2csc(n2)c3ccco3)\[O-])c4ccccc4,0
Cc1ccc(cc1)Nc2c(nc3n2ccnc3)c4ccc(cc4)N(C)C,0
c1ccc(cc1)Oc2cccc(c2)/C=C(\C#N)/c3nc4ccccc4c(n3)O,0
COc1cccc(c1C(=O)Nc2nc3ccc4ccccc4c3s2)OC,0
CCc1ccc(cc1)[C@H]2Nc3ccccc3-c4c(nc(nn4)SCC)O2,0
CC1=CC[C@H](CC1)[C@@H]2Nc3ccccc3-c4c(nc(nn4)SCC=C)O2,0
c1cc(ccc1/N=C/c2cc(cc(c2[O-])Br)[N+](=O)[O-])F,0
Cc1cccc(c1)S(=O)(=O)[N-]c2cccc(c2)c3cn4c(n3)SCC4,0
c1cc(c(cc1c2cc(n3c(n2)c(cn3)C(=O)[O-])C(F)F)Cl)Cl,0
CCCCS(=O)(=O)[N-]c1ccc2c(c1)c3c(o2)CC(CC3=O)(C)C,0
Cc1cc(ccc1N2CCCC2=O)[N-]S(=O)(=O)c3ccc(cc3)C(C)C,0
c1ccc2c(c1)CCC[C@@H]2Nc3ccc(cc3[N+](=O)[O-])S(=O)(=O)Nc4cccc(c4)C(=O)[O-],0
CCN(CC(=O)Nc1ccccc1C(F)(F)F)S(=O)(=O)c2ccc(c(c2)C(=O)[O-])O,0
c1ccc(c(c1)C(=O)[O-])NS(=O)(=O)c2ccc(c(c2)[N+](=O)[O-])NCc3ccc(cc3)F,0
CCOc1ccc(cc1)Oc2ccccc2NS(=O)(=O)c3ccc(c(c3)C(=O)[O-])O,0
Cc1ccccc1[N-]S(=O)(=O)c2ccc(cc2)C(=O)NNC(=O)c3c(c4ccccc4o3)C,0
c1cc(cnc1)CNc2c3cnn(c3ncn2)c4ccc(cc4)F,0
CC1=C([C@H](n2c(ncn2)N1)c3ccc(cc3)OC(F)F)C(=O)C,0
CCCC(=O)N1CCC(CC1)[C@@H]2C[C@@H](n3c(ncn3)N2)C(F)F,0
Cc1c(n(c2c1c(ncn2)NCc3ccco3)c4cccnc4)C,0
c1cc(ncc1C(=O)OCc2[nH]c(=O)c3c(n2)ccs3)Cl,0
c1ccc(cc1)[C@H]2C[P@@](=O)(Oc3c2ccc(c3)Br)[O-],0
Cc1cc2c(cc1Br)nc(s2)/N=C(/CCl)\[O-],0
C1CC[C@@H]2[C@@H](CC1)SC(=C2C#N)N=C3CCCC(=C3)[O-],0
c1cc(ccc1/C(=N/c2nc3ccc(cc3s2)F)/[O-])F,0
CC1=CC(=C2C(=O)SC(=N2)[S-])C=C(N1CC(C)C)C,0
CCC(=O)N(Cc1ccc(cc1)OC)Cc2cc3cc4c(cc3[nH]c2=O)OCO4,0
Cc1cccc(c1)c2n[nH]c(=S)n2/N=C/c3cc(c(c(c3)OC)OC)OC,0
CC(=O)Nc1ccc(cc1)C(=O)Cn2nc(nn2)c3cccc(c3)C(F)(F)F,0
CC(C)CC(=O)Nc1ccnn1C2CCN(CC2)C(=O)c3cccc(c3)N(C)C,0
COc1c(cccn1)c2c(cnc(n2)NC[C@H]3COCCO3)c4ccsc4,0
C=CC[N+]1(CCOCC1)C[C@@H](COc2cccc3c2cccc3)O,0
CC(C)(C)C(=O)Cn1c(=S)oc(n1)c2cc[n+](cc2)CC(=O)C(C)(C)C,0
Cn1c(c[n+](c1N)CC(=O)c2ccccc2)c3ccc(cc3)F,0
COc1cccc(c1)[C@@H]2[C@H](C(=O)NC(=C2C#N)O)[n+]3ccccc3,0
c1cc(c(cc1C(=O)C[N+]2=C(SCC2)N)Cl)Cl,0
COc1ccc(cc1)N2CN3C(=O)C[C@@H](C(=C3SC2)C#N)c4ccccc4F,0
COc1ccc(cc1)c2ccc(=O)n3c2[C@@H]4C[C@H](C3)CN(C4)C(=O)c5ccc(cc5)F,0
Cc1c2c(c(c(c1Br)OC(=O)OC)Br)sc(=O)o2,0
c1ccc(cc1)[C@H]2c3c(=O)c4cc(ccc4oc3C(=O)N2C[C@@H]5CCCO5)Cl,0
C[C@H]1C[C@@H](CN(C1)C(=O)c2cc3cccnc3n(c2=O)Cc4ccc(cc4)F)C,0
COc1c(cn(n1)Cc2c(c(c(c(c2F)F)F)F)F)[N+](=O)[O-],0
Cc1ccc(cc1)c2ccc(=O)n(n2)Cc3cc(=O)n4ccccc4n3,0
COc1ccnc(n1)N2CCC[C@H]2c3ccc4c(c3)OCCCO4,0
Cc1nnn(n1)C23C[C@@H]4C[C@H](C2)CC(C4)(C3)C(=O)N5CCCCCC5,0
Cc1c2c(ncnc2on1)N3CCN(CC3)c4ccc(cc4)Cl,0
c1ccc(cc1)N(C(=O)/C=C/C(=O)[O-])N(c2ccccc2)C(=O)/C=C/C(=O)[O-],0
Cc1ccc(cc1C(=O)[O-])S(=O)(=O)[N-]c2cc(ccc2C)S(=O)(=O)C,0
Cc1ccc(cc1C)S(=O)(=O)[N-]c2ccc(cc2)S(=O)(=O)[N-]c3cc(on3)C,0
CCOc1cc(ccc1OC(C)C)/C=C/c2nc(c(c(n2)[O-])[N+](=O)[O-])[O-],0
CC(=O)c1ccc(cc1)[N-]C2=NC(=O)/C(=C\c3ccc(cc3)OCC(=O)[O-])/S2,0
CC(C)[C@@H](C(=O)[O-])NS(=O)(=O)c1ccc(cc1)C#N,0
CCC[C@@](C)(C(=O)[O-])NC(=O)c1cn2c(cccc2n1)C,0
C1CS(=O)(=O)C[C@@H]1CNC(=O)[C@H]2CC=CC[C@@H]2C(=O)[O-],0
c1cc(c(c(c1)F)S(=O)(=O)N2C[C@@H](C[C@H]2C(=O)[O-])O)F,0
CN(C1CCCCCC1)C(=O)N2C[C@@H](C[C@H]2C(=O)[O-])O,0
CC(C)[C@H]1C(=O)C[C@H](C(C1(C#N)C#N)(C#N)C#N)c2ccc(cc2)OC,0
C[C@@H]1CCC[C@H](N1c2c3c(ncn2)n(nn3)Cc4ccccc4F)C,0
CCCCc1c2c(c3c4c(c5nnnn5cn4)sc3n1)CCC2,0
C[C@H]1C[C@@H](CN(C1)c2c(nc(o2)c3ccc(c(c3)OC)OC)C#N)C,0
Cc1c(sc2c1c(ncn2)Oc3ccc(cc3)c4nnco4)C,0
C[C@H](c1ccnc2n1ncn2)Oc3ccc(cc3F)F,0
c1ccc(c(c1)OCc2nn3cnnc3s2)Cl,0
C[C@@H](C#N)Sc1nnnn1c2ccc(cc2)Cl,0
CCCSc1nc2nc3c(cn2n1)C(=O)CCC3,0
CC[C@H]1CCCCN1c2c3cnn(c3ncn2)C,0
CC(=O)O[C@@]1(CC[C@H]2[C@]1(C[C@@H]([C@@H]3[C@@H]2CCC4=CC(=O)CC[C@@]34C)O)C)C(=O)CO,0
CCOC(=O)C1=C(OC(=C([C@H]1c2ccc(o2)I)C#N)N)C,0
CC[C@@]1(CCC(=O)NC1=O)c2ccc(cc2)NS(=O)(=O)c3ccc(cc3)F,0
Cc1c(ccc2c1nc(s2)NNC(=O)c3cccc(c3)S(=O)(=O)C)Cl,0
C[C@@]1(C(=O)NC(=O)N1)CSc2ccccc2C(=O)N3CC[C@@H]4CCCC[C@@H]4C3,0
C1CCC2(C1)C(=O)N(C(=O)N2)CCC(=O)NC3=NCCS3,0
C[C@@H](c1ccncc1)N(C)S(=O)(=O)c2cn(nc2N)C,0
C[C@@H]1CCCN(C1)S(=O)(=O)N2CCC[C@@H](C2)S(=O)(=O)N,0
Cc1ccc2c(c1)NC(=O)[C@](O2)(C)C(=O)NCCn3ccnc3,0
c1cc(=O)[nH]cc1S(=O)(=O)N[C@H]2CCC[C@H]2n3ccnc3,0
CCOc1ccc(c(c1)[N-]S(=O)(=O)c2cccs2)[N-]S(=O)(=O)c3cccs3,0
c1cc(ccc1CCC(=O)[O-])S(=O)(=O)[N-]c2ccc3c(c2)sc(n3)N4CCCC4,0
c1cc(ccc1C(=O)[O-])[N-]S(=O)(=O)c2ccc(cc2)C(=O)/C=C/c3ccsc3,0
Cc1cccc(c1)[N-]S(=O)(=O)c2ccc(c(c2)[N-]S(=O)(=O)c3ccc(cc3)C#N)C,0
COc1cc(c(cc1[N-]S(=O)(=O)c2cc(c(cc2Cl)Cl)C(=O)[O-])Cl)OC,0
c1cc(ccc1C(=O)OCC(=O)Nc2ccc(c(c2)C(F)(F)F)Cl)n3cnnn3,0
CCC(=O)N1[C@@H](CC(=N1)c2cccc(c2)NS(=O)(=O)C)c3ccc(c(c3)OC)OC,0
CCOc1ccc(cc1)NC(=O)CN(C)S(=O)(=O)c2ccc3c(c2)C[C@H](N3C(=O)C)C,0
Cc1cc(c(n1[C@H](C)COC)C)C(=O)CN2C(=O)[C@](NC2=O)(C)c3cc4ccccc4o3,0
Cc1c(nc(o1)c2ccccc2[N-]S(=O)(=O)C)C[NH+](C)Cc3coc4ccccc4c3=O,0
CC1(Cc2c(cnc(n2)NCc3ccc4c(c3)OCO4)C(=O)C1)C,0
CCn1c2c(c(ncn2)Nc3ccc(c(c3)C)Br)nn1,0
Cc1c(n(c2c1c(ncn2)Nc3nccs3)Cc4ccco4)C,0
CC(C)Oc1ccccc1/C=N/N2C(=O)C3(CCCCC3)NC2=O,0
Cc1nnc2n1c(nc3c2cccc3)Nc4cccc(c4)C(=O)C,0
CCc1cc2c(cc1OC(=O)C)occ(c2=O)c3ccc4c(c3)OCO4,0
CCOc1c2c(c3c4c(c(nc3s2)c5ccco5)COC(C4)(C)C)ncn1,0
c1ccc(cc1)n2c(nnn2)SCc3cc(cc4c3OCOC4)Cl,0
c1cc(c(cc1Cl)[N+](=O)[O-])N2CCN(CC2)C(=O)[C@H]3C[C@H]4C[C@@H]3C=C4,0
Cc1c(cco1)c2nnc(o2)S[C@@H](C)C(=O)N3c4ccccc4C[C@@H]3C,0
c1ccc(cc1)S(=O)(=O)[N-]c2ccc(cc2)c3cn4c(n3)SCC4,0
Cc1ccc(cc1)[N-]S(=O)(=O)c2ccc(s2)c3cc(no3)C,0
c1c(c2cn(nc2nc1SCC(=O)[O-])C3CCCC3)C(F)(F)F,0
c1ccc(c(c1)CN(Cc2ccccc2Cl)c3[n-]nnn3)Cl,0
CCOc1cccc(c1)/C(=N/c2nnc(s2)C3CCCCC3)/[O-],0
Cc1ccc(cc1)c2nn3c(nnc3s2)c4ccc(c(c4)OC)OC,0
Cc1cccc(c1)c2nn3c(nnc3s2)c4c5c(nn4C)CCCC5,0
c1cc(cc(c1)Cl)c2nnc(o2)SCc3cc(=O)n4ccsc4n3,0
Cc1ccc(cc1)n2c3c(cn2)c4nnc(n4cn3)c5cccc(c5)Cl,0
Cc1c(cco1)c2nnc(o2)SCc3cc4c(c(c3)Cl)OCCCO4,0
COc1cc(cc(c1OC)OC)C=C(C(=O)[O-])C(=O)[O-],0
Cc1c(nc(s1)/N=C(/c2[n-]ncn2)\[O-])c3ccc(cc3)F,0
CCn1c2c(c(c(cn2)C(=O)[O-])C(C)C)c(=O)nc1[O-],0
c1cc(cc(c1)Br)[N-]S(=O)(=O)CC(=O)[O-],0
c1cc(cc(c1)OC(F)(F)F)[N-]S(=O)(=O)CC(=O)[O-],0
CSc1nc2c(nn1)-c3cc(ccc3N[C@@H](O2)c4ccccc4OCC(=O)[O-])Br,0
C[C@]1(Nc2ccccc2C(=O)N1c3ccc4c(c3)OCCO4)c5ccc(cc5)OCC(=O)[O-],0
COc1ccc(cc1[N-]S(=O)(=O)c2ccc(cc2)C#N)S(=O)(=O)Nc3ccccc3Cl,0
CC[C@@]1(C(=O)N(C(=O)N1)/N=C(/CSc2nccn2c3cccc(c3C)C)\[O-])c4ccccc4,0
c1ccc(c(c1)[C@H]2C3=C(CCCC3=O)Nc4n2nc(n4)SC5CCCCC5)OCC(=O)[O-],0
c1ccc(c(c1)C=NNc2[nH]c3c(n2)ncnc3[O-])Cl,0
c1ccc(c(c1)/C=N/N/C(=N/[N+](=O)[O-])/[NH-])F,0
Cc1cc(ccc1[N+](=O)[O-])c2nnc(n2N)[S-],0
CCO/N=C(\c1c(non1)N)/[N-]c2ccccc2C,0
Cc1c2ccccc2nc(n1)Nc3[nH]c(cc(=O)n3)[O-],0
C1CCc2c(c(c(s2)NC(=O)[C@@H]3[C@H]4CC[C@@H]([C@@H]3C(=O)[O-])O4)C#N)C1,0
c1cc(sc1/C=N/N=C/2\NC(=O)[C@@H](S2)CC(=O)[O-])Br,0
c1cc(cc(c1)[N-]S(=O)(=O)c2ccc3c(c2)NC(=O)CCS3)C#N,0
c1cc(cc(c1)O)CN2CCc3c(nc(nc3[O-])c4cccnc4)C2,0
[H]/N=c/1\c(nnc2n1[n-]c(c2c3ccc(cc3)Br)CC)C#N,0
C[C@@H]1CCc2c(sc3c2c(ncn3)OCC(=O)Nc4ccc(cc4)S(=O)(=O)N(C)C)C1,0
CC1(C(=O)Nc2ccccc2N1C(=O)COC(=O)CSc3c4ccsc4ncn3)C,0
CCOc1ccc(cc1)C(=O)N2CCC(CC2)Nc3c4cnn(c4ncn3)c5ccc(cc5)F,0
CCC(=O)N(c1nnc(s1)SCC(=O)N2c3ccccc3NC(=O)C[C@@H]2C)C4CC4,0
Cc1cccc(c1)OCCCN2c3c(cccc3[C@@]4(C2=O)N(N=C(S4)NC(=O)C)C(=O)C)C,0
c1cc(ccc1CSc2nnnn2c3ccc4c(c3)OCO4)F,0
CC(=O)Oc1ccc2c(cc(=O)oc2c1)c3cc4ccccc4oc3=O,0
c1cc(cc2c1ccc(=O)o2)OCc3cc(=O)n4ccsc4n3,0
CCCCC1=N[C@H]2[C@H](c3c(c4nnnn4cn3)S2)C5=C1CCC5,0
c1ccc2c(c1)OC[C@H](O2)CSc3nnnn3C4CCCC4,0
c1c(c(nn1CCC(=O)[O-])C(F)(F)F)N,0
CC/C=C(/c1csc(n1)N)\C(=O)[O-],0
CC[C@@H](C)c1c([nH]c(=S)[nH]c1=O)[O-],0
CS(=O)(=O)[N-]c1cccc(c1)C#CCN,0
C[C@@H]1CCCCN1S(=O)(=O)[N-][C@@H]2C[C@@H]2N,0
Cc1ccc(c(c1)C)[C@H]2C3=C(CN(C3=O)CCC(C)C)N(C(=O)N2)C,0
Cn\1c(cs/c1=N/N=C\c2ccccc2C=O)c3cccc(c3)O,0
CCn1cc(cn1)C(=O)Nc2c(c3c(s2)C[C@H](CC3)C(C)(C)C)C#N,0
Cc1ccc2c(c1)cnn2C(=O)CCC(=O)N[C@H]3CCC[C@@H]([C@@H]3C)C,0
Cc1c(c(n(n1)Cc2nnc(s2)Nc3cccc(c3)Cl)C)Cl,0
[H]/N=C\1/C(=C/c2ccc(cc2)SC)/C(=O)N=C3N1N=C(S3)CC(=O)N4CCCC4,0
COc1c2c(cc(c1F)F)c(=O)c(cn2C3CC3)C(=O)N[C@@H]4CCS(=O)(=O)C4,0
C[C@@]1(CCS(=O)(=O)C1)NC(=S)N(C[C@H]2CCCO2)[C@@H]3CCS(=O)(=O)C3,0
CC1(Cc2c(cnc(n2)c3ccncc3)[C@H](C1)NC(=O)C[C@H]4CC(OC4=O)(C)C)C,0
Cn1ccc(n1)C(=O)NCc2ccc(cc2)c3c(cnc(n3)C4CC4)C(=O)N(C)C,0
CCn1c(cc2c(c1=O)[C@@H](C(=C(O2)N)C#N)c3ccc(cc3)C(F)(F)F)C,0
Cc1c(c(n[nH]1)C)S(=O)(=O)Nc2cccc(c2)I,0
c1ccc(cc1)CCN2CC3=C(C2=O)[C@H](NC(=O)N3)c4ccccc4F,0
C#CCSc1[nH]c(=O)c2c(n1)NC(=O)C[C@H]2c3ccc(cc3F)F,0
CC(C)N1CCc2c(sc3c2C(=N[C@@H](N3)c4ccccc4OC)O)C1,0
Cc1cn2c(n1)sc(n2)Sc3ccc(cc3)O,0
C[C@@H]1CCC[C@@H](C1)n2c(n[nH]c2=S)c3ccccn3,0
C[C@H]1CCC[C@@H](C1)n2c(n[nH]c2=S)c3ccccn3,0
Cn1c2ccc(cc2[nH+]c1[C@@H]3CC=CC[C@H]3C(=O)[O-])F,0
c1ccc2c(c1)cc(c(n2)n3cc(cn3)Cl)CO,0
c1ccnc(c1)c2cn(nn2)C[C@H]3C[C@@H]4CC[NH+]3C[C@@H]4C(=O)NC5CC5,0
Cc1ccc(o1)CNc2ccc(c[nH+]2)C(=O)N3CCC[C@H](C3)Cn4ccnc4,0
Cn1ccnc1[C@H](C2CC[NH+](CC2)Cc3nc(no3)c4cccs4)O,0
Cc1c[nH+]ccc1c2cnn(c2C3CC3)CCNC(=O)c4cnn(c4C)C,0
CCc1nccn1C[C@@H](C)C(=O)N2CCc3c(cnc(n3)[C@H]4CCCC[NH2+]4)C2,0
CC(C)c1nnc(s1)/N=C(/c2c(=O)c3ccccc3n(c2[O-])CC=C)\[O-],0
c1cc(c(cc1S(=O)(=O)[N-]c2ccc(cn2)Cl)C(=O)[O-])F,0
c1cc(nnc1c2ccc(s2)S(=O)(=O)[N-]C[C@@H]3CCCO3)[O-],0
c1cc(c(cc1C(=O)[O-])[N-]S(=O)(=O)c2ccc(nc2)Cl)F,0
c1cc(ccc1N2C[C@@H](CC2=O)C(=O)[O-])S(=O)(=O)[N-]c3cc(ccc3F)F,0
Cc1c(c(on1)C)c2nc(no2)c3ccc(cc3)OC(F)(F)F,0
Cn1c2c(nc1Cl)n(c(=O)n(c2=O)Cc3ccccc3Cl)C,0
Cc1c(cco1)c2nnc3n2nc(s3)[C@H](C)Oc4ccccc4,0
c1cc(ccc1n2cc3c(n2)CCN(C3)c4ccc(cc4)[N+](=O)[O-])F,0
c1ccc(c(c1)Oc2c(c(=O)n3ccccc3n2)C=C(C#N)C#N)Cl,0
C[C@@H]1C=C([C@H]2[C@H]([C@@]1(CO[C@@H]2c3cccnc3)CO)C)C,0
CCn1c(n[nH]c1=S)c2cccc(c2)Br,0
c1cc(sc1)C2=NC(=[NH+][C@H](C2)c3ccncc3)[S-],0
Cc1c(nn(c1C)c2cc(ccc2CO)Br)C,0
C[C@@H]1CN(CC(O1)(C)C)C[C@@H]2c3ccccc3CCN2,0
CN(Cc1nc2ccsc2c(n1)[O-])C(=O)c3ccc(=O)[nH]c3,0
Cc1c(sc(n1)[O-])S(=O)(=O)NC2CCS(=O)(=O)CC2,0
C[C@H](C(=O)N(C)C)NS(=O)(=O)c1ccc(s1)C(=O)[O-],0
c1c(csc1S(=O)(=O)NC[C@@H]2COCCO2)C(=O)[O-],0
C1CCC(C1)N(CC(=O)[O-])C(=O)N[C@H]2CCS(=O)(=O)C2,0
c1ccc2c(c1)ncc(n2)c3cnn(c3)c4ccc(cc4)C#N,0
c1cc(oc1c2nc(on2)c3ccncc3)Br,0
c1ccn(c1)c2ccc(cc2)c3nc(on3)c4ccco4,0
c1ccc(cc1)c2nn3c(nnc3s2)c4ccccn4,0
Cn1cc(c(n1)C(F)(F)F)c2nnc(o2)c3cccs3,0
COc1cc(c(cc1OC)[N-]S(=O)(=O)c2cc(cc(c2)F)F)C(=O)[O-],0
c1cc(ccc1/C=C/c2nc(c(c(n2)[O-])[N+](=O)[O-])[O-])Br,0
COc1cc(ccc1[O-])/C=N/n2c(nnc2[S-])c3ccc(cc3)F,0
c1ccc2c(c1)ccc(c2/C=N/n3c(nnc3[S-])c4ccncc4)[O-],0
c1ccc(c(c1)c2ccc(o2)/C=C/c3nc(c(c(n3)[O-])[N+](=O)[O-])[O-])F,0
Cc1ccc(o1)C(c2ccc(o2)C)c3cc(ccc3O)Cl,0
c1ccc(cc1)Nc2c3cc(ccc3ncn2)Br,0
CC(C)(C)Nc1c(nc2n1cc(cc2)Cl)c3cccs3,0
Cc1c2cc(ccc2sc1C3=NO[C@](C3)(C(F)(F)F)O)Cl,0
Cc1ccc(cc1)c2c(n3c(cc(cc3n2)C)C)NC(C)(C)C,0
CCOc1cc(ccc1OC(=O)c2cccs2)/C=C/3\C(=O)OC(=N3)c4ccc(cc4)NC(=O)C,0
CC[C@@H](C(=O)N[C@H](c1ccccc1)C(=O)OC)Sc2nc3c(c4ccccc4n3C)nn2,0
CCCN1c2ccc(cc2OCC(C1=O)(C)C)NS(=O)(=O)Cc3ccc(c(c3)OC)OC,0
CCCCOc1cccc(c1)C(=O)Nc2c(c3c(s2)CN(CC3)C(=O)OC)C(=O)OC,0
Cc1cc(c(c(c1OC)C)C)S(=O)(=O)NCCn2c(=O)ccc(n2)c3ccc(cc3)OC,0
C[C@]1(CCS(=O)(=O)C1)NC(=S)Nc2nc([nH]n2)C(=O)[O-],0
c1cc(c(cc1Br)F)C(=O)N[C@H](CCC(=O)N)C(=O)[O-],0
c1cc(c(cc1Br)F)C(=O)N[C@@H](CCC(=O)N)C(=O)[O-],0
c1c(cncc1Br)C(=O)N[C@H](CCC(=O)N)C(=O)[O-],0
C[C@@H]1[C@H](C[C@H]2[C@@H]1[C@@H](OC=C2C(=O)[O-])O[C@@H]3[C@@H]([C@H]([C@@H]([C@H](O3)CO)O)O)O)O,0
COc1ccccc1CC(=O)N[C@H]2C[C@H]3C(=O)Nc4ccc(cc4C(=O)N3C2)c5ccc6c(c5)OCO6,0
Cc1cccc(c1S(=O)(=O)NNC(=O)Cn2nc(nn2)c3cccc(c3Cl)Cl)Cl,0
C[C@@]12c3c(c4cc(ccc4[nH]3)OC)CCN1C(=O)N(C2=O)c5ccccc5C(=O)NCc6cccnc6,0
CCCn1c(=O)c2ccc(cc2nc1SCC(=O)NN3C(=O)C4(CCCCC4)NC3=O)Cl,0
C[C@H]1CCc2c(cc(s2)c3nnc(o3)SCC(=O)NN4C(=O)C5(CCCCC5)NC4=O)C1,0
C[C@H](Cn1cc(cn1)Br)c2nc3c4ccccc4ncn3n2,0
c1c(cc(c2c1OCCO2)Cl)CSc3nnnn3C4CC4,0
CCN1CCN(CC1)c2c3cnn(c3ncn2)c4cccc(c4)Cl,0
CC(C)CCn1c(=O)c2c3c(cnc2n(c1=O)C)C(=O)CC(C3)(C)C,0
CCn1c2ccccc2n(c1=O)Cc3cc(=O)n4ccc(cc4n3)C,0
Cc1c2c(c(c(c1OC)N)Br)COCO2,0
c1ccc(c(c1)[C@@H]2Nc3ccccc3S(=O)(=O)N2)F,0
c1cc(ccc1[C@@H]2[C@@H](C(=[N-])SC(=C2C#N)N)C#N)Cl,0
c1c(cncc1Br)c2[nH]nc([nH+]2)[S-],0
c1cc(ccc1c2coc3cc(ccc3c2=O)O)O,0
Cc1ccc(cc1S(=O)(=O)[N-]c2ccc(cc2)S(=O)(=O)[N-]c3cc(on3)C)C(C)(C)C,0
COc1ccc(cc1S(=O)(=O)[N-]c2cc(ccc2n3cccn3)C(F)(F)F)/C=C/C(=O)[O-],0
CCN(CC)S(=O)(=O)c1ccc(c(c1)[N-]S(=O)(=O)c2ccc(cc2)CCC(=O)[O-])C,0
COc1cc(ccc1OCc2ccccc2F)/C=C/c3nc(c(c(n3)[O-])[N+](=O)[O-])[O-],0
c1cc2c(cc1Br)/C(=C/3\C(=O)N(C(=N3)[S-])CCCCCC(=O)[O-])/C(=O)N2,0
C[C@H]1CCc2c(sc(n2)NC(=O)c3cc(cc(c3)OC)OC)C1,0
c1ccc(cc1)Nc2cc(nc(n2)c3ccncc3)c4ccccn4,0
CCC1=NN([C@](C1)(c2ccccc2)O)C(=O)c3cccc(c3)OC,0
Cc1ccc2c(c1S(=O)(=O)N[C@H](C)c3ccccc3)nsn2,0
c1ccc2c(c1)cc(c(=O)o2)C(=O)Nc3ccccc3OC(F)F,0
CC(=O)c1cccc(c1)NC(=O)[C@@H]2CC(=NO2)c3ccc(cc3)OC,0
Cc1c(cnn1c2cc(nc(n2)C)N[C@@H](C)c3ccccc3)C(=O)C,0
Cc1c(c(on1)C)S(=O)(=O)Nc2ccc(cc2)OC3CCCC3,0
c1cc(ccc1c2nc(on2)CCC(=O)Nc3nccs3)Cl,0
Cc1cc(n2c(n1)cc(n2)c3ccccc3OC)NCc4cccnc4,0
CCN(CC)C(=O)[C@H]1[C@H]2CC[C@@H]([C@@H]1C(=O)[O-])O2,0
Cc1cc(c(o1)C)/C(=N/c2nnc(s2)C3CC3)/[O-],0
C[C@H]1CC(=C(C(=O)[C@@H]1C(=O)OC)CN(C)C)[O-],0
C[C@@H](C(=O)[O-])Sc1ccnc(c1)C(=O)N(C)C,0
Cc1nnc(n1C2CC2)[C@H]3CC=CC[C@@H]3C(=O)[O-],0
Cn1c(nn(c1=S)[C@@H]2CC(=O)[C@H]3OC[C@@H]2O3)CN4C[C@@H](CC4=O)c5ccccc5,0
c1cc(cnc1)CNC(=O)c2nc(no2)Cn3cc(cn3)I,0
Cc1c(sc(n1)C)C(=O)[C@@H]2[C@H](N(C(=O)C2=O)C[C@@H]3CCCO3)c4cccnc4,0
COc1ccc(cc1)CN([C@@H]2CCS(=O)(=O)C2)C(=O)C[C@H]3C(=O)NC(=O)S3,0
c1cc(ccc1n2c(c3c(n2)CS(=O)(=O)C3)NC(=O)C(=O)N4CCCC4)F,0
c1ccc2c(c1)[C@@]3(CCS2(=O)=O)C(O3)(C#N)C#N,0
C1=CS[C@H]2[C@H]1C(OC2(C#N)C#N)(C#N)C#N,0
C1=CS[C@@H]2[C@@H]1C(OC2(C#N)C#N)(C#N)C#N,0
COc1c(c(sn1)S(=O)(=O)C)C#N,0
CSc1nc(cc2n1nnn2)Cl,0
Cc1c(c(n(n1)C)C)NS(=O)(=O)c2cccs2,0
CN(C)NS(=O)(=O)c1cc(c(nc1)Cl)Cl,0
COc1cc(c(cc1n2cn[nH]c2=S)Cl)OC,0
Cc1c(cnn1C)[C@H](C)NC(=O)c2ccc(cc2)C#N,0
CN(C1CCOCC1)C(=O)[C@@H]2CCCC[C@@H]2C(=O)O,0
c1ccc(cc1)c2cn(c3c2c4nnnn4cn3)c5ccc(cc5)Cl,0
Cc1c2c(n(n1)C(=O)c3ccc(c(c3OC)OC)OC)C[C@@H]4[C@H]2C4(C)C,0
CC1=C([C@H]([C@@H]2C(=N1)CC(CC2=O)(C)C)c3ccccc3[N+](=O)[O-])C#N,0
c1ccc2c(c1)OC[C@H](O2)c3nnc4n3nc(s4)c5ccc(cc5)F,0
CCSc1nnc2n1c3c(c4c(s3)C[C@@H](CC4)C)c5n2ncn5,0
c1c(cc(cc1[N+](=O)[O-])OCC(F)(F)F)NC(=O)Cn2c(cc(n2)C(F)(F)F)C3CC3,0
C[C@H]1CCc2c(sc(c2C(=O)OC)NC(=O)COC(=O)c3ccc(c(c3)OC)OC)C1,0
CCSc1nc2c(cnn2CCNC(=O)COc3ccccc3F)c(n1)N4CCCCC4,0
Cn1cccc1C(=O)NC(=O)COC(=O)c2ccc(c(c2)OC)OCc3ccccc3Cl,0
CCCCOc1ccc(cc1)C(=O)Nc2c(c3c(s2)CN(CC3)C(=O)OC)C(=O)OC,0
Cn1c2c(nc1N/N=C/c3ccc(cc3)OCC=C)n(c(=O)n(c2=O)C)C,0
C[C@H](C(=O)N/N=C/c1ccc(cc1)C(F)(F)F)n2cc(c(n2)OC)[N+](=O)[O-],0
C/C(=N\NC(=O)C(c1ccccc1)c2ccccc2)/Cn3cnc(n3)[N+](=O)[O-],0
c1cc(cc(c1)S(=O)(=O)c2ccc(c(c2)[N+](=O)[O-])SCCO)[N+](=O)[O-],0
CCc1c(c(c(s1)NC(=O)Cn2cc(ccc2=O)[N+](=O)[O-])C(=O)OCC)C,0
CCOc1cccc2c1nc(s2)Nc3nc4c(cccc4s3)OC,0
Cc1ccc(cc1)n2c3c(cn2)c(ncn3)Nc4ccc(cc4)C(C)C,0
CCc1ccc(cc1)/N=C\2/NC(=O)/C(=C\c3ccc(o3)N4CCCC4)/S2,0
CC(C)(C)c1ccc(cc1)NCc2cc(cn3c2nnn3)c4ccccc4,0
CCn1c(=O)c2c(c3ccccc3[nH]2)nc1SCC(=O)c4ccccc4,0
